INSERT INTO "training_type" (training_type_name)
VALUES ('CARDIO'),
       ('STRENGTH'),
       ('FLEXIBILITY'),
       ('BALANCE'),
       ('COORDINATION'),
       ('CARE'),
       ('CHARMS'),
       ('POTIONS'),
       ('DEFENSE'),
       ('QUIDDITCH'),
       ('HERBOLOGY'),
       ('DIVINATION'),
       ('TRANSFIGURATION');

INSERT INTO "trainer" (user_id, training_type_id)
VALUES
    ((SELECT id FROM users WHERE username = 'Ginevra.Granger'), 2),
    ((SELECT id FROM users WHERE username = 'Theodore.Nott'), 2),
    ((SELECT id FROM users WHERE username = 'Daphne.Greengrass'), 2),
    ((SELECT id FROM users WHERE username = 'Pansy.Parkinson'), 2),
    ((SELECT id FROM users WHERE username = 'Tracey.Davis'), 2),
    ((SELECT id FROM users WHERE username = 'Millicent.Bulstrode'), 3),
    ((SELECT id FROM users WHERE username = 'Gregory.Goyle'), 3),
    ((SELECT id FROM users WHERE username = 'Vincent.Crabbe'), 3),
    ((SELECT id FROM users WHERE username = 'Padma.Patil'), 3),
    ((SELECT id FROM users WHERE username = 'Parvati.Patil'), 3),
    ((SELECT id FROM users WHERE username = 'Harry.Potter'), 3),
    ((SELECT id FROM users WHERE username = 'Hermione.Granger'), 3),
    ((SELECT id FROM users WHERE username = 'Ron.Weasley'), 3),
    ((SELECT id FROM users WHERE username = 'Luna.Lovegood'), 4),
    ((SELECT id FROM users WHERE username = 'Ginny.Weasley'), 4),
    ((SELECT id FROM users WHERE username = 'Albus.Dumbledore'), 4),
    ((SELECT id FROM users WHERE username = 'Severus.Snape'), 4),
    ((SELECT id FROM users WHERE username = 'Minerva.McGonagall'), 4),
    ((SELECT id FROM users WHERE username = 'Rubeus.Hagrid'), 4);

INSERT INTO "trainee" (date_of_birth, address, user_id)
VALUES
    ('2000-01-01', '123 Main St', (SELECT id FROM users WHERE username = 'Harry.Potter')),
    ('2000-02-02', '234 Elm St', (SELECT id FROM users WHERE username = 'Hermione.Granger')),
    ('2000-03-03', '345 Oak St', (SELECT id FROM users WHERE username = 'Ron.Weasley')),
    ('2000-04-04', '456 Pine St', (SELECT id FROM users WHERE username = 'Luna.Lovegood')),
    ('2000-05-05', '567 Maple St', (SELECT id FROM users WHERE username = 'Ginny.Weasley')),
    ('2000-06-06', '678 Cedar St', (SELECT id FROM users WHERE username = 'Pansy.Parkinson')),
    ('2000-07-07', '789 Birch St', (SELECT id FROM users WHERE username = 'Tracey.Davis')),
    ('2000-08-08', '890 Walnut St', (SELECT id FROM users WHERE username = 'Millicent.Bulstrode')),
    ('2000-09-09', '901 Cherry St', (SELECT id FROM users WHERE username = 'Gregory.Goyle')),
    ('2000-10-10', '012 Fir St', (SELECT id FROM users WHERE username = 'Vincent.Crabbe')),
    ('2000-11-11', '123 Oak St', (SELECT id FROM users WHERE username = 'Padma.Patil')),
    ('2000-12-12', '234 Pine St', (SELECT id FROM users WHERE username = 'Parvati.Patil'));

INSERT INTO "training" (trainee_id, trainer_id, training_name, training_type_id, training_date, training_duration)
VALUES
    (1, 1, 'Basic Cardio Training', (SELECT id FROM training_type WHERE training_type_name = 'CARDIO'), '2024-10-01', 60),
    (2, 2, 'Strength Building', (SELECT id FROM training_type WHERE training_type_name = 'STRENGTH'), '2024-10-02', 90),
    (3, 3, 'Flexibility Exercises', (SELECT id FROM training_type WHERE training_type_name = 'FLEXIBILITY'), '2024-10-03', 45),
    (1, 4, 'Balance Improvement', (SELECT id FROM training_type WHERE training_type_name = 'BALANCE'), '2024-10-04', 60),
    (2, 5, 'Coordination Drills', (SELECT id FROM training_type WHERE training_type_name = 'COORDINATION'), '2024-10-05', 75),
    (3, 6, 'Care and Recovery', (SELECT id FROM training_type WHERE training_type_name = 'CARE'), '2024-10-06', 50),
    (1, 7, 'Advanced Charms Training', (SELECT id FROM training_type WHERE training_type_name = 'CHARMS'), '2024-10-07', 80),
    (2, 8, 'Potion Making Basics', (SELECT id FROM training_type WHERE training_type_name = 'POTIONS'), '2024-10-08', 90),
    (3, 9, 'Defense Techniques', (SELECT id FROM training_type WHERE training_type_name = 'DEFENSE'), '2024-10-09', 120),
    (1, 10, 'Quidditch Skills', (SELECT id FROM training_type WHERE training_type_name = 'QUIDDITCH'), '2024-10-10', 60),
    (2, 11, 'Herbology Study', (SELECT id FROM training_type WHERE training_type_name = 'HERBOLOGY'), '2024-10-11', 90),
    (3, 12, 'Divination Insights', (SELECT id FROM training_type WHERE training_type_name = 'DIVINATION'), '2024-10-12', 45),
    (1, 13, 'Transfiguration Practice', (SELECT id FROM training_type WHERE training_type_name = 'TRANSFIGURATION'), '2024-10-13', 75),
    (2, 1, 'Cardio and Strength Combo', (SELECT id FROM training_type WHERE training_type_name = 'CARDIO'), '2024-10-14', 90),
    (3, 2, 'Flexibility and Balance', (SELECT id FROM training_type WHERE training_type_name = 'BALANCE'), '2024-10-15', 60),
    (1, 3, 'Coordination and Care', (SELECT id FROM training_type WHERE training_type_name = 'COORDINATION'), '2024-10-16', 45),
    (2, 4, 'Charms and Potions', (SELECT id FROM training_type WHERE training_type_name = 'CHARMS'), '2024-10-17', 80),
    (3, 5, 'Defense and Quidditch', (SELECT id FROM training_type WHERE training_type_name = 'DEFENSE'), '2024-10-18', 120),
    (1, 6, 'Herbology and Divination', (SELECT id FROM training_type WHERE training_type_name = 'HERBOLOGY'), '2024-10-19', 50),
    (2, 7, 'Transfiguration and Cardio', (SELECT id FROM training_type WHERE training_type_name = 'CARDIO'), '2024-10-20', 75),
    (3, 8, 'Strength and Flexibility', (SELECT id FROM training_type WHERE training_type_name = 'STRENGTH'), '2024-10-21', 90),
    (1, 9, 'Balance and Coordination', (SELECT id FROM training_type WHERE training_type_name = 'BALANCE'), '2024-10-22', 60),
    (2, 10, 'Care and Charms', (SELECT id FROM training_type WHERE training_type_name = 'CARE'), '2024-10-23', 90),
    (3, 11, 'Potions and Defense', (SELECT id FROM training_type WHERE training_type_name = 'POTIONS'), '2024-10-24', 120),
    (1, 12, 'Quidditch and Herbology', (SELECT id FROM training_type WHERE training_type_name = 'QUIDDITCH'), '2024-10-25', 60),
    (2, 13, 'Divination and Transfiguration', (SELECT id FROM training_type WHERE training_type_name = 'DIVINATION'), '2024-10-26', 75),
    (3, 1, 'Cardio and Strength', (SELECT id FROM training_type WHERE training_type_name = 'CARDIO'), '2024-10-27', 90);

INSERT INTO "trainer_training_type" (trainer_id, training_type_id)
VALUES
    (1, (SELECT id FROM training_type WHERE training_type.training_type_name = 'CARDIO')),
    (1, (SELECT id FROM training_type WHERE training_type.training_type_name = 'STRENGTH')),
    (1, (SELECT id FROM training_type WHERE training_type.training_type_name = 'FLEXIBILITY')),
    (2, (SELECT id FROM training_type WHERE training_type.training_type_name = 'BALANCE')),
    (2, (SELECT id FROM training_type WHERE training_type.training_type_name = 'COORDINATION')),
    (2, (SELECT id FROM training_type WHERE training_type.training_type_name = 'CARE')),
    (3, (SELECT id FROM training_type WHERE training_type.training_type_name = 'CHARMS')),
    (3, (SELECT id FROM training_type WHERE training_type.training_type_name = 'POTIONS')),
    (3, (SELECT id FROM training_type WHERE training_type.training_type_name = 'DEFENSE')),
    (4, (SELECT id FROM training_type WHERE training_type.training_type_name = 'QUIDDITCH')),
    (4, (SELECT id FROM training_type WHERE training_type.training_type_name = 'HERBOLOGY')),
    (4, (SELECT id FROM training_type WHERE training_type.training_type_name = 'DIVINATION')),
    (4, (SELECT id FROM training_type WHERE training_type.training_type_name = 'TRANSFIGURATION'));

INSERT INTO "trainee_trainer" (trainee_id, trainer_id)
VALUES
    ((SELECT id FROM "trainee" WHERE user_id = (SELECT id FROM "users" WHERE username = 'Harry.Potter')),
     (SELECT id FROM "trainer" WHERE user_id = (SELECT id FROM "users" WHERE username = 'Severus.Snape'))),
    ((SELECT id FROM "trainee" WHERE user_id = (SELECT id FROM "users" WHERE username = 'Hermione.Granger')),
     (SELECT id FROM "trainer" WHERE user_id = (SELECT id FROM "users" WHERE username = 'Albus.Dumbledore'))),
    ((SELECT id FROM "trainee" WHERE user_id = (SELECT id FROM "users" WHERE username = 'Ron.Weasley')),
     (SELECT id FROM "trainer" WHERE user_id = (SELECT id FROM "users" WHERE username = 'Ginevra.Granger'))),
    ((SELECT id FROM "trainee" WHERE user_id = (SELECT id FROM "users" WHERE username = 'Luna.Lovegood')),
     (SELECT id FROM "trainer" WHERE user_id = (SELECT id FROM "users" WHERE username = 'Minerva.McGonagall'))),
    ((SELECT id FROM "trainee" WHERE user_id = (SELECT id FROM "users" WHERE username = 'Ginny.Weasley')),
     (SELECT id FROM "trainer" WHERE user_id = (SELECT id FROM "users" WHERE username = 'Rubeus.Hagrid'))),
    ((SELECT id FROM "trainee" WHERE user_id = (SELECT id FROM "users" WHERE username = 'Pansy.Parkinson')),
     (SELECT id FROM "trainer" WHERE user_id = (SELECT id FROM "users" WHERE username = 'Theodore.Nott'))),
    ((SELECT id FROM "trainee" WHERE user_id = (SELECT id FROM "users" WHERE username = 'Tracey.Davis')),
     (SELECT id FROM "trainer" WHERE user_id = (SELECT id FROM "users" WHERE username = 'Daphne.Greengrass'))),
    ((SELECT id FROM "trainee" WHERE user_id = (SELECT id FROM "users" WHERE username = 'Millicent.Bulstrode')),
     (SELECT id FROM "trainer" WHERE user_id = (SELECT id FROM "users" WHERE username = 'Gregory.Goyle'))),
    ((SELECT id FROM "trainee" WHERE user_id = (SELECT id FROM "users" WHERE username = 'Gregory.Goyle')),
     (SELECT id FROM "trainer" WHERE user_id = (SELECT id FROM "users" WHERE username = 'Vincent.Crabbe'))),
    ((SELECT id FROM "trainee" WHERE user_id = (SELECT id FROM "users" WHERE username = 'Padma.Patil')),
     (SELECT id FROM "trainer" WHERE user_id = (SELECT id FROM "users" WHERE username = 'Minerva.McGonagall')));
